{
  "agent_id": 5,
  "persona": "Position 5 graduate tenant commuting late from campus",
  "recommended_slots": [
    0,
    0,
    0,
    0,
    0,
    1,
    1
  ],
  "recommended_usage": [
    [
      0.7148483727810651,
      0.09073594674556212,
      0.0777921597633136,
      0.11662352071005919
    ],
    [
      0.7148483727810651,
      0.09073594674556212,
      0.0777921597633136,
      0.11662352071005919
    ],
    [
      0.7148483727810651,
      0.09073594674556212,
      0.0777921597633136,
      0.11662352071005919
    ],
    [
      0.7148483727810651,
      0.09073594674556212,
      0.0777921597633136,
      0.11662352071005919
    ],
    [
      0.7148483727810651,
      0.09073594674556212,
      0.0777921597633136,
      0.11662352071005919
    ],
    [
      0.06484837278106509,
      0.7407359467455621,
      0.0777921597633136,
      0.11662352071005919
    ],
    [
      0.06484837278106509,
      0.7407359467455621,
      0.0777921597633136,
      0.11662352071005919
    ]
  ],
  "objective": 5283.073564898016
}
