{
  "agent_id": 2,
  "best_slot_options": [
    [
      1
    ],
    [
      1
    ],
    [
      1
    ],
    [
      1
    ],
    [
      1
    ],
    [
      1
    ],
    [
      1
    ]
  ],
  "per_day_error": [
    0.05581391478029293,
    0.25656391478029295,
    0.25656391478029295,
    0.05606391478029293,
    0.2553139147802929,
    0.2578139147802929,
    0.055000000000000014
  ],
  "status": "partial",
  "target_usage": [
    [
      0.08167443408788282,
      0.7666278295605858,
      0.09332556591211717,
      0.05837217043941411
    ],
    [
      0.08167443408788282,
      0.7666278295605858,
      0.09332556591211717,
      0.05837217043941411
    ],
    [
      0.08167443408788282,
      0.7666278295605858,
      0.09332556591211717,
      0.05837217043941411
    ],
    [
      0.08167443408788282,
      0.7666278295605858,
      0.09332556591211717,
      0.05837217043941411
    ],
    [
      0.08167443408788282,
      0.7666278295605858,
      0.09332556591211717,
      0.05837217043941411
    ],
    [
      0.08167443408788282,
      0.7666278295605858,
      0.09332556591211717,
      0.05837217043941411
    ],
    [
      0.08167443408788282,
      0.7666278295605858,
      0.09332556591211717,
      0.05837217043941411
    ]
  ],
  "usage": [
    [
      0.15,
      0.76,
      0.15,
      0.15
    ],
    [
      0.15,
      0.122,
      0.315,
      0.15
    ],
    [
      0.31,
      0.117,
      0.15,
      0.15
    ],
    [
      0.15,
      0.759,
      0.15,
      0.15
    ],
    [
      0.15,
      0.117,
      0.305,
      0.15
    ],
    [
      0.32,
      0.122,
      0.15,
      0.15
    ],
    [
      0.15,
      0.77,
      0.15,
      0.15
    ]
  ]
}
