{
  "agent_id": 2,
  "persona": "Position 2 feeder analyst prioritising transformer headroom",
  "best_slot_options_by_day": [
    [
      1
    ],
    [
      1
    ],
    [
      1
    ],
    [
      1
    ],
    [
      1
    ],
    [
      1
    ],
    [
      1
    ]
  ],
  "best_usage_by_day": [
    [
      0.08167443408788282,
      0.7666278295605858,
      0.09332556591211717,
      0.05837217043941411
    ],
    [
      0.08167443408788282,
      0.7666278295605858,
      0.09332556591211717,
      0.05837217043941411
    ],
    [
      0.08167443408788282,
      0.7666278295605858,
      0.09332556591211717,
      0.05837217043941411
    ],
    [
      0.08167443408788282,
      0.7666278295605858,
      0.09332556591211717,
      0.05837217043941411
    ],
    [
      0.08167443408788282,
      0.7666278295605858,
      0.09332556591211717,
      0.05837217043941411
    ],
    [
      0.08167443408788282,
      0.7666278295605858,
      0.09332556591211717,
      0.05837217043941411
    ],
    [
      0.08167443408788282,
      0.7666278295605858,
      0.09332556591211717,
      0.05837217043941411
    ]
  ]
}
