{
  "agent_id": 4,
  "persona": "Position 4 retirees guarding comfort and grid warnings",
  "recommended_slots": [
    3,
    3,
    3,
    2,
    3,
    3,
    3
  ],
  "recommended_usage": [
    [
      0.10497669773635153,
      0.07002330226364846,
      0.08167443408788282,
      0.7433255659121172
    ],
    [
      0.10497669773635153,
      0.07002330226364846,
      0.08167443408788282,
      0.7433255659121172
    ],
    [
      0.10497669773635153,
      0.07002330226364846,
      0.08167443408788282,
      0.7433255659121172
    ],
    [
      0.10497669773635153,
      0.07002330226364846,
      0.7316744340878828,
      0.09332556591211717
    ],
    [
      0.10497669773635153,
      0.07002330226364846,
      0.08167443408788282,
      0.7433255659121172
    ],
    [
      0.10497669773635153,
      0.07002330226364846,
      0.08167443408788282,
      0.7433255659121172
    ],
    [
      0.10497669773635153,
      0.07002330226364846,
      0.08167443408788282,
      0.7433255659121172
    ]
  ],
  "objective": 5283.073564898016
}
