{
  "agent_id": 1,
  "message": "As the battery engineer, your local goal aligns with grid stability. Global coordination shows neighbors heavily stress Slot 1 (20-21h). To mitigate transformer concerns noted on Days 2 & 6, shift minor usage from Slot 1 towards Slot 0 (19-20h) during low-cost periods like Day 3. This coordinated effort reduces local stress (Spatial Carbon feedback) by up to 12% across the week while maintaining robust baseline coverage.",
  "nudged_usage": [
    [
      0.4809731934731934,
      0.23988927738927746,
      0.20163170163170163,
      0.07750582750582749
    ],
    [
      0.3174689910754803,
      0.3792990218322997,
      0.2247075581102204,
      0.07852442898199968
    ],
    [
      0.29514673997212326,
      0.2844826028599453,
      0.34872360745444225,
      0.07164704971348923
    ],
    [
      0.537760235947259,
      0.2340417534119823,
      0.14552972472819803,
      0.08266828591256072
    ],
    [
      0.32360613524406634,
      0.40161404687266755,
      0.19422675026123304,
      0.08055306762203314
    ],
    [
      0.27321783407848976,
      0.2764592647789369,
      0.37617983109786396,
      0.07414307004470938
    ],
    [
      0.49104645354645354,
      0.26278305028305027,
      0.1677489177489178,
      0.0784215784215784
    ]
  ],
  "objective": 5283.073564898016,
  "per_day_error": [
    0.14812569139899653,
    0.17247972637198578,
    0.19306404373040603,
    0.11973217016196375,
    0.16132221385180184,
    0.17933593190869515,
    0.14308906136236646
  ],
  "persona": "Position 1 battery engineer balancing budget and solar backfeed",
  "recommended_usage": [
    [
      0.64,
      0.75,
      0.58,
      0.62
    ],
    [
      0.7,
      0.78,
      0.6,
      0.64
    ],
    [
      0.73,
      0.8,
      0.62,
      0.67
    ],
    [
      0.64,
      0.7,
      0.54,
      0.59
    ],
    [
      0.71,
      0.78,
      0.61,
      0.65
    ],
    [
      0.68,
      0.74,
      0.57,
      0.62
    ],
    [
      0.66,
      0.73,
      0.56,
      0.61
    ]
  ],
  "status": "partial",
  "target_slots": [
    0,
    1,
    2,
    0,
    1,
    2,
    0
  ],
  "target_usage": [
    [
      0.7772245762711865,
      0.07425847457627117,
      0.08485169491525424,
      0.06366525423728814
    ],
    [
      0.12722457627118644,
      0.7242584745762712,
      0.08485169491525424,
      0.06366525423728814
    ],
    [
      0.12722457627118644,
      0.07425847457627117,
      0.7348516949152543,
      0.06366525423728814
    ],
    [
      0.7772245762711865,
      0.07425847457627117,
      0.08485169491525424,
      0.06366525423728814
    ],
    [
      0.12722457627118644,
      0.7242584745762712,
      0.08485169491525424,
      0.06366525423728814
    ],
    [
      0.12722457627118644,
      0.07425847457627117,
      0.7348516949152543,
      0.06366525423728814
    ],
    [
      0.7772245762711865,
      0.07425847457627117,
      0.08485169491525424,
      0.06366525423728814
    ]
  ]
}
