{
  "agent_id": 1,
  "persona": "Position 1 battery engineer balancing budget and solar backfeed",
  "recommended_slots": [
    0,
    1,
    2,
    0,
    1,
    2,
    0
  ],
  "recommended_usage": [
    [
      0.7772245762711865,
      0.07425847457627117,
      0.08485169491525424,
      0.06366525423728814
    ],
    [
      0.12722457627118644,
      0.7242584745762712,
      0.08485169491525424,
      0.06366525423728814
    ],
    [
      0.12722457627118644,
      0.07425847457627117,
      0.7348516949152543,
      0.06366525423728814
    ],
    [
      0.7772245762711865,
      0.07425847457627117,
      0.08485169491525424,
      0.06366525423728814
    ],
    [
      0.12722457627118644,
      0.7242584745762712,
      0.08485169491525424,
      0.06366525423728814
    ],
    [
      0.12722457627118644,
      0.07425847457627117,
      0.7348516949152543,
      0.06366525423728814
    ],
    [
      0.7772245762711865,
      0.07425847457627117,
      0.08485169491525424,
      0.06366525423728814
    ]
  ],
  "local_best_slot_options_by_day": [
    [
      0
    ],
    [
      2
    ],
    [
      2
    ],
    [
      0
    ],
    [
      0
    ],
    [
      2
    ],
    [
      2
    ]
  ],
  "local_best_usage_by_day": [
    [
      0.7772245762711865,
      0.07425847457627117,
      0.08485169491525424,
      0.06366525423728814
    ],
    [
      0.12722457627118644,
      0.07425847457627117,
      0.7348516949152543,
      0.06366525423728814
    ],
    [
      0.12722457627118644,
      0.07425847457627117,
      0.7348516949152543,
      0.06366525423728814
    ],
    [
      0.7772245762711865,
      0.07425847457627117,
      0.08485169491525424,
      0.06366525423728814
    ],
    [
      0.7772245762711865,
      0.07425847457627117,
      0.08485169491525424,
      0.06366525423728814
    ],
    [
      0.12722457627118644,
      0.07425847457627117,
      0.7348516949152543,
      0.06366525423728814
    ],
    [
      0.12722457627118644,
      0.07425847457627117,
      0.7348516949152543,
      0.06366525423728814
    ]
  ],
  "notes": "Nudge messages should reconcile the agent's imitation heuristic with the coordinated recommendation."
}
