{
  "agent_id": 3,
  "best_slot_options": [
    [
      1
    ],
    [
      1
    ],
    [
      1
    ],
    [
      3
    ],
    [
      1
    ],
    [
      1
    ],
    [
      1
    ]
  ],
  "per_day_error": [
    0.3539758269720102,
    0.37393018018018026,
    0.1937315123459549,
    0.1592827881580633,
    0.3511820446301483,
    0.12888069530481083,
    0.3611817325800377
  ],
  "status": "partial",
  "target_usage": [
    [
      0.07002330226364846,
      0.7433255659121172,
      0.10497669773635153,
      0.08167443408788282
    ],
    [
      0.07002330226364846,
      0.7433255659121172,
      0.10497669773635153,
      0.08167443408788282
    ],
    [
      0.07002330226364846,
      0.7433255659121172,
      0.10497669773635153,
      0.08167443408788282
    ],
    [
      0.07002330226364846,
      0.09332556591211717,
      0.10497669773635153,
      0.7316744340878828
    ],
    [
      0.07002330226364846,
      0.7433255659121172,
      0.10497669773635153,
      0.08167443408788282
    ],
    [
      0.07002330226364846,
      0.7433255659121172,
      0.10497669773635153,
      0.08167443408788282
    ],
    [
      0.07002330226364846,
      0.7433255659121172,
      0.10497669773635153,
      0.08167443408788282
    ]
  ],
  "usage": [
    [
      0.2544529262086515,
      0.4885496183206106,
      1.0,
      0.0
    ],
    [
      1.0,
      0.7117117117117115,
      0.5574324324324326,
      0.0
    ],
    [
      0.21140939597315453,
      1.0,
      0.4001677852348995,
      0.0
    ],
    [
      0.0,
      0.22157434402332363,
      0.2755102040816327,
      1.0
    ],
    [
      1.0,
      0.7448275862068966,
      0.4965517241379309,
      0.0
    ],
    [
      0.17934782608695612,
      1.0,
      0.1728260869565216,
      0.0
    ],
    [
      0.18644067796610214,
      0.3917137476459512,
      1.0,
      0.0
    ]
  ]
}
