{
  "agent_id": 3,
  "persona": "Position 3 night-shift nurse on the central ridge",
  "best_slot_options_by_day": [
    [
      1
    ],
    [
      1
    ],
    [
      1
    ],
    [
      3
    ],
    [
      1
    ],
    [
      1
    ],
    [
      1
    ]
  ],
  "best_usage_by_day": [
    [
      0.07002330226364846,
      0.7433255659121172,
      0.10497669773635153,
      0.08167443408788282
    ],
    [
      0.07002330226364846,
      0.7433255659121172,
      0.10497669773635153,
      0.08167443408788282
    ],
    [
      0.07002330226364846,
      0.7433255659121172,
      0.10497669773635153,
      0.08167443408788282
    ],
    [
      0.07002330226364846,
      0.09332556591211717,
      0.10497669773635153,
      0.7316744340878828
    ],
    [
      0.07002330226364846,
      0.7433255659121172,
      0.10497669773635153,
      0.08167443408788282
    ],
    [
      0.07002330226364846,
      0.7433255659121172,
      0.10497669773635153,
      0.08167443408788282
    ],
    [
      0.07002330226364846,
      0.7433255659121172,
      0.10497669773635153,
      0.08167443408788282
    ]
  ]
}
