{
  "agent_id": 1,
  "best_slot_options": [
    [
      0
    ],
    [
      2
    ],
    [
      2
    ],
    [
      0
    ],
    [
      0
    ],
    [
      2
    ],
    [
      2
    ]
  ],
  "per_day_error": [
    0.16687569139899652,
    0.25507206840251695,
    0.19306404373040603,
    0.1384821701619638,
    0.24555922051356008,
    0.17933593190869515,
    0.2835513885831682
  ],
  "status": "partial",
  "target_usage": [
    [
      0.7772245762711865,
      0.07425847457627117,
      0.08485169491525424,
      0.06366525423728814
    ],
    [
      0.12722457627118644,
      0.07425847457627117,
      0.7348516949152543,
      0.06366525423728814
    ],
    [
      0.12722457627118644,
      0.07425847457627117,
      0.7348516949152543,
      0.06366525423728814
    ],
    [
      0.7772245762711865,
      0.07425847457627117,
      0.08485169491525424,
      0.06366525423728814
    ],
    [
      0.7772245762711865,
      0.07425847457627117,
      0.08485169491525424,
      0.06366525423728814
    ],
    [
      0.12722457627118644,
      0.07425847457627117,
      0.7348516949152543,
      0.06366525423728814
    ],
    [
      0.12722457627118644,
      0.07425847457627117,
      0.7348516949152543,
      0.06366525423728814
    ]
  ],
  "usage": [
    [
      0.44347319347319336,
      0.27738927738927743,
      0.20163170163170163,
      0.07750582750582749
    ],
    [
      0.27996899107548034,
      0.41679902183229967,
      0.2247075581102204,
      0.07852442898199968
    ],
    [
      0.2576467399721233,
      0.3219826028599453,
      0.34872360745444225,
      0.07164704971348923
    ],
    [
      0.5002602359472589,
      0.27154175341198233,
      0.14552972472819803,
      0.08266828591256072
    ],
    [
      0.28610613524406636,
      0.4391140468726676,
      0.19422675026123304,
      0.08055306762203314
    ],
    [
      0.23571783407848979,
      0.3139592647789369,
      0.37617983109786396,
      0.07414307004470938
    ],
    [
      0.4535464535464535,
      0.30028305028305025,
      0.1677489177489178,
      0.0784215784215784
    ]
  ]
}
