{
  "agent_id": 5,
  "persona": "Position 5 graduate tenant commuting late from campus",
  "recommended_slots": [
    0,
    0,
    0,
    0,
    0,
    1,
    1
  ],
  "recommended_usage": [
    [
      0.7148483727810651,
      0.09073594674556212,
      0.0777921597633136,
      0.11662352071005919
    ],
    [
      0.7148483727810651,
      0.09073594674556212,
      0.0777921597633136,
      0.11662352071005919
    ],
    [
      0.7148483727810651,
      0.09073594674556212,
      0.0777921597633136,
      0.11662352071005919
    ],
    [
      0.7148483727810651,
      0.09073594674556212,
      0.0777921597633136,
      0.11662352071005919
    ],
    [
      0.7148483727810651,
      0.09073594674556212,
      0.0777921597633136,
      0.11662352071005919
    ],
    [
      0.06484837278106509,
      0.7407359467455621,
      0.0777921597633136,
      0.11662352071005919
    ],
    [
      0.06484837278106509,
      0.7407359467455621,
      0.0777921597633136,
      0.11662352071005919
    ]
  ],
  "local_best_slot_options_by_day": [
    [
      0
    ],
    [
      1
    ],
    [
      0
    ],
    [
      0
    ],
    [
      1
    ],
    [
      1
    ],
    [
      1
    ]
  ],
  "local_best_usage_by_day": [
    [
      0.7148483727810651,
      0.09073594674556212,
      0.0777921597633136,
      0.11662352071005919
    ],
    [
      0.06484837278106509,
      0.7407359467455621,
      0.0777921597633136,
      0.11662352071005919
    ],
    [
      0.7148483727810651,
      0.09073594674556212,
      0.0777921597633136,
      0.11662352071005919
    ],
    [
      0.7148483727810651,
      0.09073594674556212,
      0.0777921597633136,
      0.11662352071005919
    ],
    [
      0.06484837278106509,
      0.7407359467455621,
      0.0777921597633136,
      0.11662352071005919
    ],
    [
      0.06484837278106509,
      0.7407359467455621,
      0.0777921597633136,
      0.11662352071005919
    ],
    [
      0.06484837278106509,
      0.7407359467455621,
      0.0777921597633136,
      0.11662352071005919
    ]
  ],
  "notes": "Nudge messages should reconcile the agent's imitation heuristic with the coordinated recommendation."
}
