{
  "agent_id": 3,
  "persona": "Position 3 night-shift nurse on the central ridge",
  "recommended_slots": [
    2,
    0,
    1,
    3,
    0,
    1,
    2
  ],
  "recommended_usage": [
    [
      0.07002330226364846,
      0.09332556591211717,
      0.7549766977363516,
      0.08167443408788282
    ],
    [
      0.7200233022636485,
      0.09332556591211717,
      0.10497669773635153,
      0.08167443408788282
    ],
    [
      0.07002330226364846,
      0.7433255659121172,
      0.10497669773635153,
      0.08167443408788282
    ],
    [
      0.07002330226364846,
      0.09332556591211717,
      0.10497669773635153,
      0.7316744340878828
    ],
    [
      0.7200233022636485,
      0.09332556591211717,
      0.10497669773635153,
      0.08167443408788282
    ],
    [
      0.07002330226364846,
      0.7433255659121172,
      0.10497669773635153,
      0.08167443408788282
    ],
    [
      0.07002330226364846,
      0.09332556591211717,
      0.7549766977363516,
      0.08167443408788282
    ]
  ],
  "objective": 5283.073564898016
}
