{
  "agent_id": 2,
  "persona": "Position 2 feeder analyst prioritising transformer headroom",
  "recommended_slots": [
    1,
    2,
    0,
    1,
    2,
    0,
    1
  ],
  "recommended_usage": [
    [
      0.08167443408788282,
      0.7666278295605858,
      0.09332556591211717,
      0.05837217043941411
    ],
    [
      0.08167443408788282,
      0.11662782956058586,
      0.7433255659121172,
      0.05837217043941411
    ],
    [
      0.7316744340878828,
      0.11662782956058586,
      0.09332556591211717,
      0.05837217043941411
    ],
    [
      0.08167443408788282,
      0.7666278295605858,
      0.09332556591211717,
      0.05837217043941411
    ],
    [
      0.08167443408788282,
      0.11662782956058586,
      0.7433255659121172,
      0.05837217043941411
    ],
    [
      0.7316744340878828,
      0.11662782956058586,
      0.09332556591211717,
      0.05837217043941411
    ],
    [
      0.08167443408788282,
      0.7666278295605858,
      0.09332556591211717,
      0.05837217043941411
    ]
  ],
  "local_best_slot_options_by_day": [
    [
      1
    ],
    [
      1
    ],
    [
      1
    ],
    [
      1
    ],
    [
      1
    ],
    [
      1
    ],
    [
      1
    ]
  ],
  "local_best_usage_by_day": [
    [
      0.08167443408788282,
      0.7666278295605858,
      0.09332556591211717,
      0.05837217043941411
    ],
    [
      0.08167443408788282,
      0.7666278295605858,
      0.09332556591211717,
      0.05837217043941411
    ],
    [
      0.08167443408788282,
      0.7666278295605858,
      0.09332556591211717,
      0.05837217043941411
    ],
    [
      0.08167443408788282,
      0.7666278295605858,
      0.09332556591211717,
      0.05837217043941411
    ],
    [
      0.08167443408788282,
      0.7666278295605858,
      0.09332556591211717,
      0.05837217043941411
    ],
    [
      0.08167443408788282,
      0.7666278295605858,
      0.09332556591211717,
      0.05837217043941411
    ],
    [
      0.08167443408788282,
      0.7666278295605858,
      0.09332556591211717,
      0.05837217043941411
    ]
  ],
  "notes": "Nudge messages should reconcile the agent's imitation heuristic with the coordinated recommendation."
}
