{
  "agent_id": 4,
  "persona": "Position 4 retirees guarding comfort and grid warnings",
  "best_slot_options_by_day": [
    [
      0
    ],
    [
      0
    ],
    [
      0
    ],
    [
      0
    ],
    [
      0
    ],
    [
      3
    ],
    [
      0
    ]
  ],
  "best_usage_by_day": [
    [
      0.7549766977363516,
      0.07002330226364846,
      0.08167443408788282,
      0.09332556591211717
    ],
    [
      0.7549766977363516,
      0.07002330226364846,
      0.08167443408788282,
      0.09332556591211717
    ],
    [
      0.7549766977363516,
      0.07002330226364846,
      0.08167443408788282,
      0.09332556591211717
    ],
    [
      0.7549766977363516,
      0.07002330226364846,
      0.08167443408788282,
      0.09332556591211717
    ],
    [
      0.7549766977363516,
      0.07002330226364846,
      0.08167443408788282,
      0.09332556591211717
    ],
    [
      0.10497669773635153,
      0.07002330226364846,
      0.08167443408788282,
      0.7433255659121172
    ],
    [
      0.7549766977363516,
      0.07002330226364846,
      0.08167443408788282,
      0.09332556591211717
    ]
  ]
}
