{
  "1": {
    "best_slot_options_by_day": [
      [
        0
      ],
      [
        2
      ],
      [
        2
      ],
      [
        0
      ],
      [
        0
      ],
      [
        2
      ],
      [
        2
      ]
    ],
    "best_usage_by_day": [
      [
        0.7772245762711865,
        0.07425847457627117,
        0.08485169491525424,
        0.06366525423728814
      ],
      [
        0.12722457627118644,
        0.07425847457627117,
        0.7348516949152543,
        0.06366525423728814
      ],
      [
        0.12722457627118644,
        0.07425847457627117,
        0.7348516949152543,
        0.06366525423728814
      ],
      [
        0.7772245762711865,
        0.07425847457627117,
        0.08485169491525424,
        0.06366525423728814
      ],
      [
        0.7772245762711865,
        0.07425847457627117,
        0.08485169491525424,
        0.06366525423728814
      ],
      [
        0.12722457627118644,
        0.07425847457627117,
        0.7348516949152543,
        0.06366525423728814
      ],
      [
        0.12722457627118644,
        0.07425847457627117,
        0.7348516949152543,
        0.06366525423728814
      ]
    ]
  },
  "2": {
    "best_slot_options_by_day": [
      [
        1
      ],
      [
        1
      ],
      [
        1
      ],
      [
        1
      ],
      [
        1
      ],
      [
        1
      ],
      [
        1
      ]
    ],
    "best_usage_by_day": [
      [
        0.08167443408788282,
        0.7666278295605858,
        0.09332556591211717,
        0.05837217043941411
      ],
      [
        0.08167443408788282,
        0.7666278295605858,
        0.09332556591211717,
        0.05837217043941411
      ],
      [
        0.08167443408788282,
        0.7666278295605858,
        0.09332556591211717,
        0.05837217043941411
      ],
      [
        0.08167443408788282,
        0.7666278295605858,
        0.09332556591211717,
        0.05837217043941411
      ],
      [
        0.08167443408788282,
        0.7666278295605858,
        0.09332556591211717,
        0.05837217043941411
      ],
      [
        0.08167443408788282,
        0.7666278295605858,
        0.09332556591211717,
        0.05837217043941411
      ],
      [
        0.08167443408788282,
        0.7666278295605858,
        0.09332556591211717,
        0.05837217043941411
      ]
    ]
  },
  "3": {
    "best_slot_options_by_day": [
      [
        1
      ],
      [
        1
      ],
      [
        1
      ],
      [
        3
      ],
      [
        1
      ],
      [
        1
      ],
      [
        1
      ]
    ],
    "best_usage_by_day": [
      [
        0.07002330226364846,
        0.7433255659121172,
        0.10497669773635153,
        0.08167443408788282
      ],
      [
        0.07002330226364846,
        0.7433255659121172,
        0.10497669773635153,
        0.08167443408788282
      ],
      [
        0.07002330226364846,
        0.7433255659121172,
        0.10497669773635153,
        0.08167443408788282
      ],
      [
        0.07002330226364846,
        0.09332556591211717,
        0.10497669773635153,
        0.7316744340878828
      ],
      [
        0.07002330226364846,
        0.7433255659121172,
        0.10497669773635153,
        0.08167443408788282
      ],
      [
        0.07002330226364846,
        0.7433255659121172,
        0.10497669773635153,
        0.08167443408788282
      ],
      [
        0.07002330226364846,
        0.7433255659121172,
        0.10497669773635153,
        0.08167443408788282
      ]
    ]
  },
  "4": {
    "best_slot_options_by_day": [
      [
        0
      ],
      [
        0
      ],
      [
        0
      ],
      [
        0
      ],
      [
        0
      ],
      [
        3
      ],
      [
        0
      ]
    ],
    "best_usage_by_day": [
      [
        0.7549766977363516,
        0.07002330226364846,
        0.08167443408788282,
        0.09332556591211717
      ],
      [
        0.7549766977363516,
        0.07002330226364846,
        0.08167443408788282,
        0.09332556591211717
      ],
      [
        0.7549766977363516,
        0.07002330226364846,
        0.08167443408788282,
        0.09332556591211717
      ],
      [
        0.7549766977363516,
        0.07002330226364846,
        0.08167443408788282,
        0.09332556591211717
      ],
      [
        0.7549766977363516,
        0.07002330226364846,
        0.08167443408788282,
        0.09332556591211717
      ],
      [
        0.10497669773635153,
        0.07002330226364846,
        0.08167443408788282,
        0.7433255659121172
      ],
      [
        0.7549766977363516,
        0.07002330226364846,
        0.08167443408788282,
        0.09332556591211717
      ]
    ]
  },
  "5": {
    "best_slot_options_by_day": [
      [
        0
      ],
      [
        1
      ],
      [
        0
      ],
      [
        0
      ],
      [
        1
      ],
      [
        1
      ],
      [
        1
      ]
    ],
    "best_usage_by_day": [
      [
        0.7148483727810651,
        0.09073594674556212,
        0.0777921597633136,
        0.11662352071005919
      ],
      [
        0.06484837278106509,
        0.7407359467455621,
        0.0777921597633136,
        0.11662352071005919
      ],
      [
        0.7148483727810651,
        0.09073594674556212,
        0.0777921597633136,
        0.11662352071005919
      ],
      [
        0.7148483727810651,
        0.09073594674556212,
        0.0777921597633136,
        0.11662352071005919
      ],
      [
        0.06484837278106509,
        0.7407359467455621,
        0.0777921597633136,
        0.11662352071005919
      ],
      [
        0.06484837278106509,
        0.7407359467455621,
        0.0777921597633136,
        0.11662352071005919
      ],
      [
        0.06484837278106509,
        0.7407359467455621,
        0.0777921597633136,
        0.11662352071005919
      ]
    ]
  }
}
